target,predictor,split
0, leoblakecarter this dog thinks he s an ambulance ? ? ? ? ? ? http t . co mg lpgr rm natasha rideout,train
0, envw nickcocofree juliedicaro jdabe i asked how did he feel attacked by julie . i asked if he was frail . that is all . ,train
0, detroitpls interested to see who will win this battle,train
0,the annihilation of jeb christie amp kasich is less than hours away . . please god allow me at least one more full day . . . ,train
0,rt alisonannyoung exclusive fedex no longer to transport research specimens of bioterror pathogens in wake of anthrax lab mishaps ,train
0, seconds of summer is my pick for http t . co j wseptxga fan army sosfam http t . co qwgiwc w z,train
0,was in nyc last week ! ,train
0,what a feat ! watch the bts of kallemattson s incredible music video for avalanche https t . co w sea tuv ? ? ? ? ,train
0, pbban temporary russaky armageddon do not kill flags only fast xp for reason,train
0, colorado avalanche men s official colorado avalanche reebok t shirt xl blue cotton http t . co znsvstgwx nhl hockey,train
0,why some traffic is freezing cold and some blazing hot and how to heat up some of your traffic http t . co c b ddiqig,train
0, thenissonian rejectdcartoons nissan are you ok do you need medical assistance i can call an ambulance if you need me to,train
0,just completely annihilated cech with paul keegan what a time to be alive,train
0,what really happened in the taken king story trailer . a space battle that ripped a hole in saturn . eytay neur sis http t . co zyrzx dfki,train
0,i wanted to set chicago ablaze with my preaching . . . but not my hotel ! http t . co o qknbfofx,train
0, there is no victory at bargain basement prices . dwight david eisenhower,train
0, ir icemoon aftershock http t . co thyzomvwu djicemoon dubstep trapmusic dnb edm dance ices http t . co joo xk ,train
0,im feeling attacked http t . co jvycxxvi,train
0,a fun filled happy hour at simmons bar in camden with this handsome one ? ? i got annihilated apart from this game http t . co jno zkv,train
0, alexandrapullin it is indeed . if the apocalypse comes this week i know where i ll be ,train
0,has an accident changed your life ? we will help you determine options that can financially support life care plans and on going treatment . ,train
0,black eye a space battle occurred at star o involving fleets totaling ships with destroyed,train
0, ir icemoon aftershock http t . co m jdzmgjow djicemoon dubstep trapmusic dnb edm dance ices http t . co n uhasfkbv,train
0, ir icemoon aftershock http t . co vam podgyw djicemoon dubstep trapmusic dnb edm dance ices http t . co zevakjapcz,train
0, funkylilshack mariaf i want a full on bitch slapping guns blazing cake throwing charles showdown ! ! now that will be worth the wait ? ? ? ? ,train
0,ems ny emts petition for per hour minimum wage http t . co oa swlxmr ems paramedics ambulance,train
0,officially skipping out on fantasticfour fant stic whatever the hashtag is . it s getting annihilated in reviews . bummer . ,train
0,anxiety attack ? ? ,train
0,i ve been by the pool all day raisinfingers,train
0, eunice njoki aiii she needs to chill and answer calmly its not like she s being attacked,train
0, vegetarian vegan video shows arsonist torching popular bk restaurant strictly vegetarian . . . http t . co kxplyom rr govegan uniteblue,train
0,london is cool ,train
0,minecraft night lucky block mod bob apocalypse wither . amp more ! mod showcase popularmmos http t . co tngye fklv via youtube,train
0, onu france bioterrorism on rockefeller chi rockefelleruniv heiress evade lgl efforts prosecute blks harvardu kidnap g . afp,train
0,you must be annihilated ! ,train
0,the blazing elwoods blazingelwoods don t bother me doug s song tune http t . co qyzpb gkmr,train
0,julie r is the apocalypse version of romeo juliet warmbodies,train
0,if you don t have anything nice to say you can come sit with me . ,train
0,summer is lovely,train
0, barbi twins we need help horses will die ! please rt amp sign petition ! take a stand amp be a voice for them ! gilbert https t . co e dl lncvu,train
0,santa cruz head of the st elizabeth police superintendent lanford salmon has r . . . http t . co vplr hka u http t . co sxhw tnnlf,train
0, show me a hero tv review http t . co kaccpk wf http t . co nnixodhigc,train
0,check these out http t . co roi nsmejj http t . co tj zjin http t . co yduixefipe http t . co lxtjc kls nsfw,train
0,red faction armageddon microsoft xbox full read by ebay http t . co ypbvs ijya http t . co dflv ynqr,train
0,revel in yours wmv videos by means of mac farewell ablaze wmv en route to dvd gtxrwm,train
0, local arsonist i guess u can say that it s just some shit i was thinking about,train
0, enews ben affleck . . . . . . i know there s a wife kids and other girls but i can t help it . i ve loved him since armageddon eonlinechat,train
0,people who say it cannot be done should not interrupt those who are doing it . george bernard shaw,train
0,can wait to see how pissed donnie is when i tell him i was in another accident ? ? ,train
0, . beyonce is my pick for http t . co thoyhrhkfj fan army beyhive http t . co wvj a bgm,train
0,fedex no longer to transport bioterror germs in wake of anthrax lab mishaps http t . co qzqc wwwcn via usatoday,train
0, ? ? ? ? it was an accident http t . co oia fxi gm,train
0,kill i got court the day after earl,train
0, sonofbaldwin and he s the current nova in the bookslast i checked . . he was tied into the books in after rider died during annihilation,train
0,i cant believe a fucking cis female is going to somehow claim to be offended over a transgendered female who s been attacked by media,train
0,smoke good fuck eat drink drive nice car wear all green mink,train
0,thank you fedex for no longer shipping live microbes for the department of defense http t . co zahnewjri ,train
0, local arsonist lmfao,train
0,secrets up avalanche catechize inner self for the confidential communication as respects creating worth in len . . . ,train
0,your phone is spying on you ! hidden back door nsa data mining software the financial armageddon blog http t . co qycw jjaj ,train
0, mageavexis lt things . and what if we get attacked ? ,train
0,vote for directioners vs queens in the th round of the billboard fanarmyfaceoff http t . co kgtxnnbj y,train
0,musician kalle mattson recreates classic album covers in clever music video for avalanche http t . co vbswhz s v,train
0,one direction is my pick for http t . co q eblokeve fan army directioners http t . co encmhz y x ,train
0,european fitba till christmas armageddon,train
0, . bigperm was drafted by the avalanche in rd . overall . played last season in utahgrizz . http t . co gpgtafmkt ,train
0,fedex no longer will ship potential bioterror pathogens atlanta business chronicle http t . co yllqjljiiq,train
0,progressive greetings ! in about a month students would have set their pens ablaze in the torch publications . . . http t . co fxpixqujt,train
0,owner of chicago area gay bar admits to arson scheme http t . co tslqjokvh via theadvocatemag lgbt,train
0, . beyonce is my pick for http t . co thoyhrhkfj fan army beyhive http t . co wvj a bgm,train
0,beautiful sweet avalanche faith and akito roses with lots of frothy gyp . http t . co raqupzfkjy weddinghour http t . co qunxocxcga,train
0,i m feeling so attacked https t . co cvkqigr az,train
0, world fedex no longer to transport bioterror germs in wake of anthrax lab mishaps http t . co zdbtktww ,train
0, shayoly yes i love it,train
0, im gonna beat armageddon as hsu hao ? ? ? ? just got a flawless on my first try,train
0, the only thing that stands between you and your dream is the will to try and the belief that it is actually possible . joel brown,train
0,the mixtape is coming i promise . we goin in right now http t . co uungrqougn,train
0,one direction is my pick for http t . co q eblokeve fan army directioners http t . co encmhz y x ,train
0,wwi wwii japanese army navy military japan leather watch war mido ww full read by ebay http t . co obfd e qcp http t . co yazje owvk,train
0, sexydragonmagic i ve come to the realization that i just don t have the attention span for mass battle games . both painting and playing . ,train
0, nowplaying arsonist mc so impressed arsonistmusic http t . co elreh jlj,train
0,dragon ball z battle of gods rotten tomatoes http t . co jddnhmrmmj via rottentomatoes,train
0,i liked a youtube video from slimebeast http t . co ulr myklnh town of salem how to win as the arsonist,train
0,http t . co gkye gjtk had a personalinjury accident this summer ? read our advice amp see how a solicitor can help otleyhour,train
0,they sky was ablaze tonight in los angeles . i m expecting ig and fb to be filled with sunset shots if i know my peeps ! ! ,train
0,rt geek apocalypse pm gmt hesse plays dark souls day http t . co tngpshnl http t . co imzlnzltf etcpb,train
0, marksmaponyane hey ! sundowns were annihilated in their previous meeting with celtic . indeed its an improvement . ,train
0,l b entertainment lot of brucewillis movies dvd die hard monkeys armageddon sixth ebay auction http t . co cxdjapzxmp,train
0,in lies we trust dvd cia hollywood and bioterrorism len horowitz vaccines nwo http t . co pagjqfbzk http t . co qzizelxbyr,train
0,free ebay sniping rt ? http t . co rqipgqslt chevrolet avalanche ltz lifted x truck ? please favorite amp share,train
0,check these out http t . co roi nsmejj http t . co tj zjin http t . co yduixefipe http t . co lxtjc kls nsfw,train
0,come and join us tomorrow ! august at transcend blazing the trail to the diversified world of marketing . . . http t . co nr i qnao ,train
0, i can t have kids cuz i got in a bicycle accident amp split my testicles . it s impossible for me to have kids michael you are the father,train
0,do you know anyone looking to move to hammond or ? share this listing ! http t . co xn soh bb,train
0,go look at grizzly peak right now . . . it looks like the beginning of an dystopian apocalypse movie,train
0,photo sketch i did based on the a taste of armageddon episode of startrek tos http t . co a e dcsk ,train
0,cooool ,train
0, whippenz we need help ! horses will die ! please rt amp sign petition ! take a stand amp be a voice for them ! gilbert https t . co e dl lncvu,train
0,kelby tomlinson mild mannered nd baseman for a great metropolitan team fights a never ending battle for hits rbi and the sfgiants way . ,train
0,the possible new jerseys for the avalanche next year . ? ? ? ? http t . co nruzhr xqu,train
0,ablaze for you lord d,train
0,musician kalle mattson recreates classic album covers in clever music video for avalanche http t . co ydjpoph dw,train
0,just had a heart attack because i thought my goat was dead . ? ? ? ? don t worry rocket is okay . ? ? ,train
0,why is there an ambulance right outside my work,train
0,best movie you ve ever seen ? armageddon http t . co qouxigdtbz,train
0,soooo pumped for ablaze ? ? ? ? southridgelife,train
0,the episode where trunks annihilated freiza is the cleanest shit ever . he showed that nigga no mercy . ,train
0,morgan silver dollar s gem bu dmpl cameo rev blazing ms high grade ! full read http t . co m kbqwior http t . co wrjr fks,train
0,i saw two great punk bands making original music last week . check em out here ! ! ghostoftheav montroseband https t . co wdvxjsqwic,train
0,i bet you didnt know i kick box too ! https t . co rbrw pwipj,train
0, blazerfan not everyone can see ignoranceshe is latinoand that is all she can ever benothing morebut an attack dog a hate group gop,train
0,add familia to the arson squad . ,train
0,does this prepare us ? hhs selects regional special pathogen treatment centers bioterrorism infectious ebola http t . co qmo txxdkj,train
0, caixxum sos thanks for the damn heart attack,train
0,set our hearts ablaze and every city was a gift and every skyline was like a kiss upon the lips https t . co cyompz a z,train
0,do your own thing the battle of internal vs external motivation http t . co w p hauhei,train
0,domain other sophistication be annihilated closely up to the minute feat zrnf,train
0,i gained followers in the last week . you ? know your stats and grow with http t . co tiyulif c ,train
0,beyonce is my pick for http t . co nnmqlz o fan army beyhive http t . co o f cyy r ,train
0, charts prove financial crisis part has begun ! the financial armageddon economic collapse blog tracks tren . . . http t . co vhcxtvcinr,train
0,u . s national park services tonto national forest stop the annihilation of the salt river wild horse . . . https t . co matijwkzbh via change,train
0, thatdes ok i wasn t completely forthright i may have also been in a food coma bc of the kebab tahini pickles i also annihilated w fries,train
0, tix calgary flames vs col avalanche preseason scotiabank saddledome http t . co g qa mpxm,train
0, safyuan just a minor citation for possesion of a decriminalized substance im not facing any time,train
0, to luka they should all die ! all of them ! everything annihilated ! alois trancy,train
0,fedex no longer will transport bioterror germs http t . co shrhkfj bc via usatoday,train
0,blaze is my bro http t . co udkesj ml,train
0, to luka they should all die ! all of them ! everything annihilated ! alois trancy ,train
0,welcome djryanwolf djcoreygrand djknyce djoneplustwo officialcoredjs family cleveland standup iamtonyneal http t . co p gqmctglj,train
0,creation of ai climate change bioterrorism mass automation of workforce contact with other life wealth inequality yea we ve got it easy,train
0,how did i miss that gary busey s son plays dixie on his electronic green fiddle during the post battle celebration sequence,train
0,anyone need a p u tonight ? i play hybrid slayer ps eu . hmu cod sandscrims empirikgaming codawscrims tp kotc tpfa aftershock org,train
0,infantry mens lume dial army analog quartz wrist watch sport blue nylon fabric full rea http t . co hep k xghb http t . co ebvglmra,train
0,ugh y did blaze put the calories by their pizzas ? ok cool thisispublichealth,train
0,pic of me and blaze in a fort when we were kids i look like a jackass stuffin my face like that ? ? ? ? ? ? http t . co ae cpiexak,train
0,my car is so fast,train
0,what s the police or ambulance number in lesotho ? any body know ? ,train
0,please sign amp rt to save saltriverwildhorses http t . co ikuayuseqt http t . co bqbhuyfme ,train
0,owner of chicago area gay bar admits to arson scheme http t . co myhohvrhil lgbt https t . co tm hthfdo ,train
0,rt sleepjunkies sleeping pills double your risk of a car accident http t . co s nm fict,train
0,a little piece i wrote for the avalanche designs blog ! i d appreciate it greatly if you checked it out https t . co rfvjh ef ,train
0,boom ! your country was just entirely annihilated by a h britain https t . co irfcn szv,train
0,build your own kingdom and lead your army to victory ! https youtu . start g this friend code lzktjnox http t . co zz cewew ,train
0,arsonists being blamed for a blaze at a plastics recycling business in adelaide pcaldicott reports . newsadl http t . co r xwdnvb g,train
0, won . . . amp some think possibility of my full transformation is impossible . i don t quite like medical mysteries . bioterrorism sucks . ,train
0, frontpage bioterror lab faced secret sanctions . rickperry doesn t make the cut for foxnews gopdebate http t . co fzujg sxjg usatoday,train
0,aftershock https t . co jv ppkhjy ,train
0, official vid thereal gt gt gt https t . co i rjc rqu gt gt gt trubgme gt gt gt armageddon comin soon ! ! ,train
0,paul rudd emile hirsch david gordon green prince avalanche q amp a filmmakers at google http t . co e qonkzndz entretenimento video,train
0,aftershock back to school kick off was great . i want to thank everyone for making it possible . what a great night . ,train
0, sirbrandonknt exactly . that s why the lesnar cena match from summerslam last year was so great because brock annihilated a guy who s,train
0, messeymetoo i feel attacked,train
0, official vid doublecups gt gt https t . co lfkmtzaekk gt gt trubgme prod thisizbwright gt gt armageddon,train
0,lee does comedy leejasper working class tories prepare for your armageddon . interestraterise ,train
0,ambulance sprinter automatic frontline vehicle choice of lez compliant ebay http t . co kp lf aute,train
0,fedex no longer shipping bioterror germs wxia tv scoopit http t . co zqqjrqsbjm,train
0, ir icemoon aftershock http t . co vam podgyw djicemoon dubstep trapmusic dnb edm dance ices http t . co zevakjapcz,train
0,to fight bioterrorism sir . ,train
0,you da one mtvsummerstar videoveranomtv mtvhottest britney spears lana del rey,train
0, the harder the conflict the more glorious the triumph . thomas paine,train
0,but if it s the apocalypse lol gf m ,train
0,ambulance sprinter automatic frontline vehicle choice of lez compliant ebay http t . co evttqpeia,train
0, the man who can drive himself further once the effort gets painful is the man who will win . roger bannister,train
0,demi stans really think heart attack sold million copies ? ? ,train
0, djjohnblaze shout out blaze the hottest dj in the sothwest,train
0,check out this item i just got ! phantasmal cummerbund http t . co qrhjei grq warcraft,train
0, aftershock delo im speaking from someone that is using a scuf on xb most of them people will end up getting on for ps also . ,train
0,first night with retainers in . it s quite weird . better get used to it i have to wear them every single night for the next year at least . ,train
0,i m not gonna lie i m kinda ready to attack my senior year ? ? ? ? ? ? ? ? ? ? ,train
0,happening now hatzolah ems ambulance responding with dual sirens and https t . co sek mq njf,train
0, acousticmaloley no he was blazing it,train
0, dmac colorado is a spanish word latin origin meaning reddish or colored all you dummies are pronouncing it wrong ! ! ! ,train
0,to fight bioterrorism sir . ,train
0,i blaze jays fuck the dutch slave trade . ,train
0,great one time deal on all avalanche music and with purchase get a neal rigga shirt http t . co virxkgmpc,train
0,statistically i m at more of risk of getting killed by a cop than i am of dying in an airplane accident . ,train
0, ? ? yes i do have guns ? ? ? ? ,train
0, christycroley not in the works yet . did you see the new vela short in blaze ? http t . co q reoevlue,train
0, breakingnews http t . co gan pw tg fedex no longer willing to transport research specimens of potential bioter http t . co n husewly,train
0,what dems do . blaze covered months ago . chicago police detained thousands of black americans at interrogation facility http t . co uwitvbsbnc,train
0,praise god that we have ministry that tells it like it is ! ! ! now wdyouth biblestudy https t . co ujk e gbcc,train
0,leading emergency services boss welcomes new ambulance charity http t . co mj jq psv ,train
0,one direction is my pick for http t . co q eblokeve fan army directioners http t . co encmhz y x ,train
0, nobody remembers who came in second . charles schulz,train
0, stlouis caraccidentlawyer speeding among top causes of teen accidents https t . co k zomof https t . co s kxvm cba car accident tee ,train
0, if i d have had a long coat to hand i d have worn it . the certainty of armageddon bears a sense of occasion . ,train
0, local arsonist lmao but real live you should go,train
0,god s kingdom heavenly gov t will rule over all people on the earth after armageddon . http t . co hgcbxukz http t . co kopkcyvtt,train
0,i almost sent my coworker nudes on accident thank god for airplane mode,train
0, official vid gt doublecups gt gt https t . co lfkmtzaekk gt gt trubgme prod thisizbwright gt gt armageddon . ,train
0, honeybunzgem primalkitchen i feel like me doing a pull up is one of the stages of the apocalypse . ,train
0,the fall of leaves from a poplar is as fully ordained as the tumbling of an avalanche spurgeon,train
0, ir icemoon aftershock http t . co ynxnvvkcda djicemoon dubstep trapmusic dnb edm dance ices http t . co weqpesenku,train
0, tomcatarts who then were annihilated by the legion itself . the survivors of the imperfect hybrid project quickly formed a new secret cell,train
0, kimkardashian can you please sign and share this petition to save wild horses in arizona . http t . co tssxphufe ? ? ? ? ,train
0,rene ablaze amp jacinta secret k fallen skies edit mar https t . co mlmsuzv z,train
0, pbban temporary avysss armageddon do not kill flags only fast xp for reason,train
0,bright amp blazing fireman birthday party http t . co rfo gy ne weddings,train
0, socialmedia news new facebook page features seek to help personalize the customer experience http t . co nbizatlsmv,train
0,people who try to j walk while an ambulance is passing . . . i hate you . ,train
0,be annihilated for status education mba on behalf of a on easy street careen eovm http t . co e pi c ff,train
0, flowri were you marinading it or was it an accident ? ,train
0, amirkingkhan you would have been annihilated so you might as well thank floydmayweather,train
0,real vibez radio blazing the best vibez ! ! ! http t . co emvohm m j nowplaying listenlive,train
0,my dog attacked me for my food pugprobs,train
0, omgbethersss bethanymota haha love this ? ? ,train
0,i liked a youtube video http t . co ki ykrs fi minecraft night lucky block mod bob apocalypse wither . amp more ! mod showcase,train
0,i love fruits,train
0, christinalavv lindsay wynn i just saw these tweets and i feel really attacked,train
0,my hair is poverty at the moment need to get a fade before the weekend gets here,train
0, christians united for israel cufi jews should convert soon or die by armageddon https t . co arwwrzpsr us http t . co mkjq yfmp ,train
0,aftershock protect yourself and profit in the next global financial meltdown by david wiedemer http http t . co wztz hgmvq,train
0,so i guess no one actually wants any free aftershock tc . . . . . ,train
0, by accident they knew what was gon happen https t . co ysxun vceh,train
0,enjoyed live action attack on titan but every time i see posters i m reminded how freshly clean and coiffed everyone is in the apocalypse . ,train
0,trusting iran to stop terrorism is like inviting an arsonist to join the fire brigade telegraph http t . co z htdjqzd,train
0, welovela nhlducks avalanche defense how they match vs st . louis blues http t . co v rvcomh sportsroadhouse,train
0, bellalinn alrighty hit me up and we ll blaze ! ! ,train
0,rt rtrrtcoach love truelove romance lith voodoo seduction astrology rtrrt lotz apocalypse armageddon planet ,train
0,rt our mother mary short reading apocalypse in the spirit the angel took me to the top of an enormous high mountain and . . . ,train
0,i m the only weapons master here ! let s go in guns blazing ! hinatobot,train
0,day of tryouts went good minus the fact i stopped quickly to get a short ball and annihilated my toenail injury even more,train
0, spotlight take me to paradise by arsonist mc wniagospel http t . co he ufawzm arsonistmusic http t . co bnhtxaezmm,train
0, wisdomwed bonus minute daily habits that could really improve your life . how many do you already do ? lifehacks http t . co tbm fqb cw,train
0,my niece just asked me would you be scared if there was an apocalypse here ? ? ? ? ? ,train
0,the end ! ,train
0,my phone looks like it was in a car ship airplane accident . terrible,train
0,the sound of arson,train
0,no snowflake in an avalanche ever feels responsible . ,train
0,s xleak ! ! ! ph tos of yrs old ash wo lady in festac town from delta exp sed on bbm leaked pictures . . . http t . co ixrehm yq,train
0,sadly how windows reveals microsoft s ethics armageddon http t . co stftjcrjea,train
0,tried orange aftershock today . my life will never be the same,train
0,owner of chicago area gay bar admits to arson scheme frank elliott pleaded guilty to hiring an arsonist to to . . . http t . co jcfehrhlq ,train
0,candylit imagine sarumi in a zombie apocalypse fighting back to back heart to heart conversations over the . . . http t . co xizkjfff ,train
0, karnythia my niece is gaining the ability to stand . i m getting prepared for toddler apocalypse armageddon,train
0,beyonce is my pick for http t . co nnmqlz o fan army beyhive http t . co o f cyy r ,train
0,do you like pasta ? ,train
0, tb throwback ? ? ? ? you want a battle ? here s a war ! ? ? https t . co b zjwgmaiw,train
0, aberdeenfc aberdeenfanpage good luck to the ? ? ? ? ? ? tomorrow night get some coefficient points plz armageddon ? ? ? ? ,train
0,rt ophiuchus love truelove romance lith voodoo seduction astrology rtrrt lotz apocalypse armageddon pla ,train
0, volfan tneazzy mizzou has annihilated florida the past seasons even ended muschamp s career just can t compete with bama,train
0,beyonce is my pick for http t . co nnmqlz o fan army beyhive http t . co o f cyy r ,train
0,building the perfect tracklist to life leave the streets ablaze,train
0,oh my heart racing and my temperature is blazing through the roof videoveranomtv fifth harmony,train
0,i m blazing rn and there s nothing you can do to stop me,train
0,fedex no longer will ship potential bioterror pathogens http t . co chorr xovp via atlbizchron,train
0, rohnertparkdps you re on stage now ! right under the lights ! isn t it funny ? ! where do you get the goofballs with which you staff your pd ? ,train
0,let s talk some more about your goof guild saunders . come right up here on stage . https t . co hkbxxvd iw,train
0,i liked a youtube video http t . co tnxquor wb kalle mattson avalanche official video ,train
0,i m gonna fight taylor as soon as i get there . ,train
0, mickinyman theatlantic that or they might be killed in an airplane accident in the night a car wreck ! politics at it s best . ,train
0,ik only troll his pol rivals never literally abused them or attacked their families . while all of them literally abuse ik . loosers,train
0,i m crazy enough to run in degree mid day heat under the blazing sun in a place where i m not https t . co osuoivnigo,train
0,i added a video to a youtube playlist http t . co wedwyn kfs world of tanks battle assistant mod bat chat arti kaboom,train
0, srajapakse why thank you there missy ? ? thought it suited the blazing hot summertime ? ? yee haw ! ? ? ,train
0,ambulance sprinter automatic frontline vehicle choice of lez compliant ebay http t . co ujrx kgawp,train
0, beautiful juic just letting you know,train
0, nowplaying rene ablaze amp ian buff magnitude http t . co av jsjfftc edm,train
0, where s my arsonist at ? ? ? ,train
0,uribe just annihilated that baseball . mets,train
0,she s kinda hot played on the radio today . what s next ? disease to all ? the apocalypse has started everyone . be careful . ,train
0, phdsquares mufc they ve built so much hype around new acquisitions but i doubt they will set the epl ablaze this season . ,train
0,the apocalypse is upon us,train
0, growingupspoiled going clay pigeon shooting and crying because of the aftershock ,train
0,well done celtic fingers crossed for aberdeen tomorrow night ! armageddon eh . . . . ? ? ,train
0, seconds of summer is my pick for http t . co qchv jqovk fan army sosfam http t . co gc udfnfgg ,train
0, hif my trick is to think about nasty things,train
0,armageddon averted by el patron ultimalucha,train
0,wait what ? ? ? http t . co uavfrtlfs http t . co g pcccxg,train
0,ouvindo peace love amp armageddon,train
0, potus maybe we should call israel and tell them we re sorry are pres has sold them down the river to annihilation . ,train
0,wwi wwii japanese army navy military japan leather watch war mido ww full read by ebay http t . co f j l yjl http t . co mwwwowcayo,train
0, kiwi karyn check out what s in my parking lot ! ! he said that until last year it was an ambulance in st johns . http t . co hpvodud ip,train
0, fouseytube you ok ? need a ambulance . hahahah that was good ! http t . co zsberqnn n,train
0,one direction is my pick for http t . co q eblokeve fan army directioners http t . co encmhz y x ,train
0,star wars power of the jedi collection battle droid hasbro full read by ebay http t . co yi zgizsw http t . co jgvhw yzs,train
0, blazing ben pattyds gwfrazee joshuaassaraf not really . sadly i have come to expect that from obama . ,train
0,mom we didn t get home as fast as we wished me why is that ? mom there was an accident and some truck spilt mayonnaise all over ? ? ? ? ? ? ,train
0,will there be another jocelyn birthday apocalypse,train
0,morgan silver dollar p ch gem bu pl blazing ms satin rare proof like ! full re http t . co mbyfl id http t . co ddmtguzzs,train
0,i liked a youtube video from iamrrsb http t . co pdehd tcpk minecraft skywars o blaze que usa hack e flechadas sinistras ! ,train
0,what a goooooooaaaaaal ! ! ! ! ! ! ,train
0,i have got more videos than you rappers got songs ! http t . co pblvpm c ,train
0, kjfordays i m seeing them and issues at aftershock ? ? ,train
0, rohnertparkdps you re another one for the history books ! thank the justice department ! and by the way i haven t paid income tax in yrs . ,train
0, tbt remember that time patrick kane attacked a cab driver over . ,train
0,u . s national park services tonto national forest stop the annihilation of the salt river wild horse . . . https t . co x wn o a w via change,train
0,this is ridiculous . . . . ,train
0, a cee daem girl smooth asf c ? ,train
0, funkflex yo flex im here https t . co azxdlcxga,train
0,fedex no longer to transport bioterror germs in wake of anthrax lab mishaps http t . co hrqcjdovjz,train
0,see a virtual tour of one of our listings on fir st cannon beach or listed by dorrie caruana . http t . co nf paytvw,train
0, sayn ae angel or arson,train
0, left hand side of a diamond is a graveyard shift have to attack and defend the right handside no have to do that too you fucking idiot ? ,train
0, local arsonist diamorfiend the legal system never forgets,train
0, onfireanders i love you bb,train
0,love my girlfriend,train
0, aftershock delo scuf ps live and the game . . . cya,train
0, . . . . . . . . . . . . . . . . . . . . . rt drayesha indiakomuntorjawabdo indian army ki http t . co wjljq ya g,train
0,noches el bestia alexis sanchez happy to see my teammates and training hard ? ? goodnight gunners . ? ? ? ? ? ? http t . co uc j jhvgr ,train
0, . beyonce is my pick for http t . co thoyhrhkfj fan army beyhive http t . co wvj a bgm,train
0,bed time . don t wake me up unless revolution or armageddon start . ,train
0,that moment when you get on a scary roller coaster and the guy behind you is just screaming bloody murder ? ? ? ? ? ? silverwood aftershock,train
0,u . s national park services tonto national forest stop the annihilation of the salt river wild horse . . . http t . co lojoorouk via change,val
0,on town of salem i just melted ice cube bc im the arsonist d,val
0, ir icemoon aftershock http t . co thyzomvwu djicemoon dubstep trapmusic dnb edm dance ices http t . co joo xk ,val
0, utahcanary sigh daily battle . ,val
0,crying out for more ! set me ablaze,val
0,u . s national park services tonto national forest stop the annihilation of the salt river wild horse . . . https t . co fekgyby f via change,val
0,i know where to go when the zombies take over ! ! http t . co huthxlkyxy,val
0,rt fittscott minecraft night lucky block mod bob apocalypse wither . amp more ! mod showcase popularmmos http t . co mul j aeux vi ,val
0,wwi wwii japanese army navy military japan leather watch war mido ww full read by ebay http t . co qumce w ty http t . co ktkg sdhhl,val
0, audacityjamesta don t be like that babes lt you ll have a ball of fun with me at lan ! ,val
0,zodiac girl feat trey dupree produced by sparkz beatz chuck da arsonist http t . co hdkd j lw ,val
0, pbban temporary fighterdena armageddon do not kill flags only fast xp for reason,val
0,no way . . . i can t eat that shit,val
0,ambulance sprinter automatic frontline vehicle choice of lez compliant ebay http t . co q ivrzojzv,val
0,owner of chicago area gay bar admits to arson scheme http t . co y dnp vtg via theadvocatemag lgbt https t . co xul dcosh,val
0,once again black men didn t make it that way . white men did so why are black men getting attacked https t . co chkp gfynj,val
0,it s baaaack ! petersen s bowhunting battle of the bows . make sure you head on over and cast your vote for your . . . http t . co fj gdvg n,val
0,https t . co wkv vqvkt artisteoftheweekfact say conversations by coast coastdjs agree crystal blaz s jiwonle is a hiphop clubbanger,val
0,bloor ossington arsonist also burned a mattress on northumberland st cbcto http t . co wpdvt sne,val
0,mourning notices for stabbing arson victims stir politics of grief in israel posters for shira banki and a . . . http t . co gz zqqthe,val
0,i attacked robot lvl and i ve earned a total of free satoshis ! http t . co dmlj agotw robotcoingame bitcoin freebitcoin,val
0,bit pacquiao vs marquez unfilled blazing swarm online durvod http t . co vja r yxa,val
0, envw nickcocofree juliedicaro jdabe why am i the worst person ? questioning how julie attacked him ? do you guys have no empathy ? ,val
0,this bowl got me thinking . . . damn i ve been blazing for so damn long,val
0, danryckert drewscanlon he s blazing through this game with the best stealth skills yet . nothing beats the silenced m . ,val
0,love skiing,val
0,what s up man ? ,val
0,hey az sign this petition to save the wildhorses tantonationalforest ! a rollingstones sing a long is in order http t . co wm l pj iy,val
0, casper rmg bestcomedyvine whats cracking cuz,val
0,niggas love hating . ,val
0,who makes these ? http t . co t nwhdky,val
0,i liked a youtube video http t . co n igskd p minecraft episode blaze farm beginnings ! ,val
0,one direction is my pick for http t . co imhfdaowrd fan army directioners http t . co ftzjk dt,val
0,i reject the laws of the misguided false prophets imprison nations fueling self annihilation,val
0,u . s national park services tonto national forest stop the annihilation of the salt river wild horse . . . https t . co m mvdspjp via change,val
0,morgan silver dollar s gem bu dmpl cameo rev blazing ms high grade ! full read http t . co iu bafdxey http t . co aphqu svet,val
0,battle of the goats https t . co ofecs tcvc,val
0,life is amazin same time its crazy niggas dey wanna blaze me hate it because i made it all it took was dedication n some motivation,val
0, acarewornheart have a good un fella sorry i won t be there to get annihilated with you ,val
0,potus appoints brig . gen . richard g . kaiser as member of the mississippi river commission . learn more about the mrc http t . co vdukcv yjy,val
0,world annihilation vs self transformation http t . co pyehwodwun aliens attack to exterminate humans http t . co pb n nskz,val
0,one direction is my pick for http t . co q eblokeve fan army directioners http t . co encmhz y x ,val
0,we always try to bring the heavy . metal rt http t . co yao e xngw,val
0, ir icemoon aftershock http t . co e epzhoth djicemoon dubstep trapmusic dnb edm dance ices http t . co a d do q,val
0, katiekatcubs you already know how this shit goes . world series or armageddon . ,val
0,they shall be annihilated and all of their petebests dessicated and laid bare . then you shall kneel before me . ,val
0, ablaze what time does your talk go until ? i don t know if i can make it due to work . ,val
0,one thing for sure god has promised israel will not be annihilated . but . . . the horror of iran w nukes . https t . co xn mx sxy,val
0,yo i got bars and i m not even a rapper,val
0, uabstephenlong courtlizcamp total tweet fail ! you are so beautiful inside and out blaze on ! ,val
0, samihonkonen if you have the time hours ? ? the latest series about ww blueprint for armageddon is extremely impressive . ,val
0,one direction is my pick for http t . co y wvqkgbbi fan army directioners http t . co s f fcomp ,val
0,firepower in the lab electronic resource automation in the fight against infectious diseases and bioterrorism http t . co kvpbybglsr,val
0, bekah w thanks ! i sweat bullets every time i get in with this blazing sun beating down on me . ,val
0,sometimes you face difficulties not because you re doing something wrong but because you re doing something right . joel osteen,val
0,i still have not heard church leaders of kenya coming forward to comment on the accident issue and disciplinary measures arrestpastornganga,val
0,video captures man removing american flag from long beach ca home burning it arsonist sought http t . co jp qlrunjj http t . co jbpgkgowsi,val
0,rt zonewolf i liked a youtube video http t . co u kyg zd minecraft night lucky block mod bob apocalypse wither . amp more ! mo ,val
0,we ll crash down like an avalanche,val
0, remembering that you are going to die is the best way i know to avoid the trap of thinking you have something to lose . steve jobs,val
0,patrick roy upper deck spx finite made colorado avalanche mint http t . co uhfm r tq http t . co qulgakebhb,val
0,see what happens with no battle of the block cbsbigbrother ! ? ! ? ? ? ? finally,val
0,if i get run over by an ambulance am i lucky ? justsaying randomthought,val
0,looooool,val
0,blazing hot ! etisalat free mb for complete months etisalat is giving out mb on tecno q here is the ime . . . http t . co avzsyie nt,val
0,credit to pfannebeckers for inspiring me to rediscover this fantabulous tbt http t . co wmhy xkil,test
0,stony jackson is america s last hope as he leads an army of felons thus and army rejects against the army o satan http t . co wbecdmhqo,test
0,ya boy clip vs kus full battle moferadio heavybag battle dom qotring battlerapchris hughes https t . co spydy csc,test
0, tix frozen fury xvii los angeles kings v avalanche row aa mgm grand http t . co kbtzzzg tp,test
0, theellenshow please check into salt river horses help stop the annihilation about to happen without more signatures . change . org thx,test
0,shouout to kasad lla cause her vocals are blazing hot like the weather shes in,test
0, lonepine remembered around australia as descendants grow via canberra gallipoli ww http t . co t fvvnrpc http t . co zznbvfuvo,test
0,evildead annihilation of civilization http t . co spfke kqu ,test
0, du who gon get in this rap battle with me,test
0, itzsteven xdojjjj whopper jr huh ? ? me you and leo started that last year and ever since people blaze it in the back ? ? ,test
0, casper rmg u on dick,test
0,looks like a year of writing and computers is ahead . http t . co cyxbrzxwq ,test
0,and that s because on my planet it s the lone audience of the apocalypse ! ,test
0,turn on your radios stoponesounds is live on your airwaves http t . co g s sw am amp . fm stickynyc roots blazing all your hits,test
0, bedrooms baths for sale in palms ca . http t . co qms rressd youtube video . . . http t . co zla jcssq,test
0,heart disease prevention what about secondhand smoke ? http t . co ydgmgbryl ,test
0,on plus side look at the sky last night it was ablaze http t . co qqsmshaj n,test
0, dattomm the funniest part about that twitter is the feminists that try to attack it head,test
0,owner of chicago area gay bar admits to arson scheme http t . co ubfr urafc lgbt https t . co alnv d x,test
0, baseballquotes i have a inch dynasty,test
0, guiltygearxxacp yeah i know but blaze blue dont have a twitter lol i drew this a few weeks ago http t . co sk l flzz,test
0,these after battle animations are so fucking much,test
0,beyonce is my pick for http t . co nnmqlz o fan army beyhive http t . co o f cyy r ,test
0,so the ahamedis think the messiah had already come years ago ? where is armageddon ? where is the dajaal ? where is gog amp magog ? ! ,test
0,are souls punished with annihilation ? http t . co c qxjweqqu http t . co zhp sowxry,test
0,usa today . fedex will no longer to transport bioterror pathogens after . . . http t . co iadlslqdpd newsintweets http t . co o y sul ow,test
0, stormbeard steel lord i seen judas priest in when rob came back scorpions as support . fucking annihilated the place . astonishing gig,test
0,aftershock full streaming youtube http t . co vve usesgf,test
0,aftershock https t . co xmwodfmtui,test
0,still blazing ? ? ? ? ,test
0,what a wonderful day ! ,test
0,check out preppers doomsday must have library collection on cd shtf preppertalk survival a prepper http t . co vpqtgeqlma via ebay,test
0,great performance chip fuel gas saver chevy tahoe blazer avalanche s http t . co icrzi tqc http t . co onxhkfhn a,test
0,new nanotech device will be able to target and destroy blood clots http t . co hfy v slbb,test
0,how about a book describing the future of therapies technologies sport sexuality bioterrorism and diagnosis ? digitalhealth hcsm,test
0,i liked a youtube video http t . co vw uqqi y marvel vs dc avengers battle ! ,test
0,two jewish terrorists charged in historic church arson the ugly truth http t . co ieksnfsby http t . co vwcf slkrw,test
0,thanks ! ! ! ! ! count dante . do join us by following the annihilation zone . johnny . ,test
0,seeing that army of whitewalkers was the very first thing that has slightly intrigued me on got so far,test
0,aftershock was the most terrifying best roller coaster i ve ever been on . disclaimer i ve been on very few . ,test
0,you are the avalanche . one world away . my make believing . while i m wide awake . ,test
0,tomorrow is the day we start armageddon preseasonworkouts ? ? ? ? ,test
0,biolab safety concerns grow fedex stops transporting certain specimens . research facilities dumbfounded by action . http t . co rujv vpnbv,test
0, medic aace org i am surprised we still cannot standardised the clinical practice across the nhs ambulance trust . ,test
0, officialtjonez your lost for words made me a new fan of yours fam . crazy skills beyond blessed ! keep blazing dude made love and respect ! ,test
0,on the outside you re ablaze and alive but you re dead inside,test
0,i be on that hotboy shit,test
0, tanslash waiting for an ambulance,test
0,attack on titan game on ps vita yay ! can t wait for ,test
0,juanny beisbol sr . annihilated that ball . lgm,test
0,apocalypse please,test
0,had an awesome time visiting the cfc head office the ancop site and ablaze . thanks to tita vida for taking care of us ? ? ,test
0, let me be your hot blazing fantasy escorts gfe dubai http t . co n ahgfmudt,test
0, babysweet i m mad in your name amp you don t blaze . ,test
0, doofus diamorfiend im jokin still cant be on moves ,test
0, gt gt aftershock protect yourself and profit in the next global financial . . . book http t . co f ntuc z esquireattire,test
0, crobscarla your lifetime odds of dying from an airplane accident are in . ,test
0, the first man gets the oyster the second man gets the shell . andrew carnegie,test
0, kaotix blaze craving u,test
0,fedex no longer will transport bioterror germs http t . co qfjjdxes g via usatoday,test
0, asukager magical bag of blazing,test
0,shot through the heart xv you are going to totally give love a bad name with this heart pierc http t . co xpfmr uf http t . co ejdhvlkxaf,test
0, . beyonce is my pick for http t . co thoyhrhkfj fan army beyhive http t . co wvj a bgm,test
0,fedex will no longer transport bioterror pathogens in wake of anthrax lab mishaps http t . co lhpgxc b j,test
0, paddytomlinson armageddon,test
0,rt janenelson rt stephenscifi adaptation watch charlie human s apocalypse now now optioned for film sciencefiction ,
1, darrellissa does that great iran deal cover bioterrorism ? you got cut off terrible of them . keep up the good work . ,train
1, beckyfeigin i defs will when it stops bleeding ! ,train
1,civil war general battle bull run hero colonel nd new hampshire letter signed ! http t . co ot tffpbyb http t . co zarbwep ld,train
1,two air ambulances on scene of serious crash between two cars and lorry in . . . http t . co pfeaqeski http t . co fntg rnkx emsne ,train
1,dtn brazil experts in france begin examining airplane debris found on reunion island french air accident exp . . . http t . co m ig wq lq,train
1, cagov if blks amp whts colluded take wht f usagov auth hostage amp make her look blk w bioterrorism amp use her lgl org idis id still hers ? vp,train
1,truck ablaze r . voortrekker ave . outside or tambo intl . cargo section . http t . co kscqkfkkf,train
1,suffield alberta accident https t . co bptmlf p ,train
1,experts in france begin examining airplane debris found on reunion island french air accident experts on wednesday began examining t . . . ,train
1,jacksonville busines fedex stops shipping potential bioterror pathogens http t . co shzsymausi,train
1, nxwestmidlands huge fire at wholesale markets ablaze http t . co rwzbfvnxer,train
1,twelve feared killed in pakistani air ambulance helicopter crash http t . co x qsjod u worldnews,train
1,experts in france begin examining airplane debris found on reunion island french air accident experts on wedn . . . http t . co v smaeslk ,train
1,christian attacked by muslims at the temple mount after waving israeli flag via pamela geller . . . http t . co nhxse rthx,train
1,after death of palestinian toddler in arson attack israel cracks down on jewish,train
1,illegal alien released by obama dhs times charged with rape amp murder of santa maria ca woman had prior offenses http t . co mqp hf gpo,train
1, nowplaying at orchardalley in les of nyc bioterror manufactured fear and state repression abcnorio gardens http t . co ba rrxugsg,train
1, violentfeminazi i guess that s ok for armenians since we ve spent most of our history getting annihilated,train
1,the guardian view on the hiroshima legacy still in the shadow of the bomb editorial the world longs to cas . . . http t . co ct jutvytg,train
1,paul craig roberts vladimir putin issues major warning but is it too late to escape a http t . co nvfkzv fex brics roberts russia,train
1,http t . co ptkrxtzjtv nashville theater attack will gun grabbers now demand hatchet control ? ,train
1,http t . co x yeuylt x twelve feared killed in pakistani air ambulance helicopter crash http t . co ugrmd z n,train
1, meyerbjoern thelonevirologi mackayim of a major american newspaper running a series on all the alleged bioterrorism research going on n,train
1,horrible accident man died in wings of airplane http t . co wq wjsgphl,train
1, flood in bago myanmar we arrived bago,train
1,how the west was burned thousands of wildfires ablaze in california alone http t . co icsjgz te climate energy http t . co fxmn l bd,train
1,bloody insomnia again ! grrrr ! ! insomnia,train
1,annihilating quarterstaff of annihilation,train
1,notley s tactful yet very direct response to harper s attack on alberta s gov t . hell yeah premier ! http t . co rzsulzmokx ableg cdnpoli,train
1,fedex no longer to transport bioterror germs in wake of anthrax lab mishaps http t . co m uheyfdo via usatoday,train
1," , people receive wildfires evacuation orders in california ",train
1, pt the unit attacked by is was responsible for targeting muslim scholars and imprisoning the youth . http t . co f lhfmehzh,train
1,how the west was burned thousands of wildfires ablaze in california alone http t . co vl tbr wbr,train
1,oops . h bomb lost miles off the okinawan coast . fell off the ship . http t . co yvsjyzwxjr,train
1,christian attacked by muslims at the temple mount after waving israeli flag via pamela geller . . . http t . co t aa ov eg,train
1,the u . s . bombed hiroshima years ago today . a look at how war has changed since http t . co uqnj nk y http t . co qlnnmxzfqk,train
1,new documents found pointing to japan s wwii atomic bomb program http t . co iucpcsfbmt,train
1,the hatchet wielding gunman had pepper spray and a fake bomb ? ! ? ! ? ,train
1,traffic accident n cabrillo hwy magellan av mir ,train
1, kurds trampling on turkmen flag later set it ablaze while others vandalized offices of turkmen front in diyala http t . co izfdyc cg,train
1,ohh no fukurodani didn t survive the apocalypse bokuto feels horrible my poor boy my ppor child,train
1,reported motor vehicle accident in curry on herman rd near stephenson involving an overturned vehicle . please use . . . http t . co ybjezkurw ,train
1, katramsland yes i m a bleeding heart liberal . ,train
1, cspanwj if blks amp whts colluded take wht f usagov auth hostage amp make her look blk w bioterrorism amp use her lgl org idis id still hers ? ,train
1,horrible accident man died in wings of airplane . wtf you can t believe your eyes . . . http t . co ffylajwps,train
1, truckcrash overturns on fortworth interstate http t . co rs lj qfp click here if you ve been in a crash gt http t . co ld uniyw k,train
1, years since we annihilated people instantly and became aware that we have the ability to annihilate the whole of humanity,train
1,horrible accident man died in wings of airplane http t . co tfcdronra ,train
1,israeli helicopters that attacked civilians in gaza just completed exercises in greece . ,train
1,relaxinpr miprv rt latimes arson suspect linked to fires caught in northern california http t . co ylhayfaoou,train
1,all residents asked to shelter in place are being notified by officers . no other evacuation or shelter in place orders are expected,train
1,i know it s a question of interpretation but this is a sign of the apocalypse . i called it https t . co my q uwijn,train
1,new post from darkreading http t . co eijdxapnp new smb relay attack steals user credentials over internet,train
1,fedex stops shipping potential bioterror pathogens http t . co tkeoaedqkq trucking,train
1,us drone bombs islamic state target in syria after taking off from turkey a us armed drone has bombed a targe . . . http t . co m dap xlwo,train
1, starmade stardate planetary annihilation http t . co i hhviumtm via youtube,train
1, reuters twelve feared killed in pakistani air ambulance helicopter crash http t . co shzpyiqok ,train
1,big top burning the true story of an arsonist a missing girl http t . co qxh h cwd . ,train
1, tweet taiji is a dolphin worship group based on superstitions ! just take a look at their tweets ! ,train
1, raining flooding florida tampabay tampa or days . i ve lost count ,train
1,i call it a little bit of your blizzard ? ,train
1,cop injured in gunfight as militants attack udhampur police post suspected militants attacked a police post i . . . http t . co h dpmv ef,train
1,christian attacked by muslims at the temple mount after waving israeli flag via pamela geller . . . http t . co pdjoq jc ,train
1,aashiqui actress anu aggarwal on her near fatal accident http t . co otfp lqw,train
1,aubrey really out here body bagging meek . ,train
1, swellyjetevo disneyland ! tacos there are bomb ! ,train
1,fyi cad fyi accident property damage nhs piner rd horndale dr,train
1,suspect in latest theater attack had psychological issues http t . co huhzxliig,train
1, news fedex no longer to transport bioterror germs in wake of anthrax lab mishaps say what ? fedex no . . . http t . co k y xfxmxa tcot,train
1,hmm . . . this could be problem for some researchers fedex no longer to transport select agents http t . co viibxgjav via usatoday,train
1, erker again ? ? eep ! thought of you yesterday when i saw that hella scary hail . armageddon ? ,train
1,arsonist sets nyc vegetarian restaurant on fire police newyork http t . co nr ust uh ,train
1,world annihilation vs self transformation http t . co pyehwodwun aliens attack to exterminate humans http t . co jxql cv z,train
1,i mile marker south mooresville iredell vehicle accident ramp closed at pm,train
1,hiroshima marks years since bomb http t . co u mdlk di,train
1,chiasson sens can t come to deal coloradoavalanche avalanche http t . co bk lagma http t . co bkdgcfsuiq,train
1,a tale of two pox body horrors http t . co w ixt k ab virus infectiousdiseases bioterrorism,train
1, rvfriedmann hell is just a fraction of his belief of total annihilation destruction of usa lodisilverado ritzy jewels,train
1, news twelve feared killed in pakistani air ambulance helicopter crash http t . co bfes twbzt til now dna,train
1,accident on i w nashvilletraffic . traffic moving m slower than usual . https t . co ghk egj,train
1,arson suspect linked to fires caught in northern california http t . co ej ghnafhy,train
1,victorinox swiss army date women s rubber mop watch http t . co yfy nkkcoh http t . co knehvvohvk,train
1,another hour ! it s august at pm here s red rover zombie apocalypse ! http t . co cf e tu g internetradio collegeradi ,train
1,christian attacked by muslims at the temple mount after waving israeli flag via pamela geller . . . http t . co emdjnnltp ,train
1,love living on my own . i can blaze inside my apt or on the balcony,train
1,pilot dies in plane crash at car festival https t . co kq ae ap b via youtube crash aircraft airplane pilot death accident carfest,train
1,stop the annihilation of the salt river wild horses ! http t . co wvobvvtxkg via change,train
1,a dayton area org tells me it was hit by a cyber attack http t . co lhkjz ivo,train
1,to fight bioterrorism sir . ,train
1, infowars nashville theater attack will gun grabbers now demand hatchet control ? http t . co n yjb tcpm nwo,train
1,palestinian teen killed amid protests against arson attack http t . co okvsimogic,train
1,three people died from the heat wave so far,train
1,pakistan air ambulance helicopter crash kills nine http t . co e ry ebmf,train
1,government experts concerned about possible bioterrorism using gm organisms scientists are concerned that the . . . http t . co sume pro f,train
1,experts in france begin examining airplane debris found on reunion island french air accident experts o . . . http t . co yvvpznzmxg news,train
1,black eye a space battle occurred at star m involving fleets totaling ships with destroyed,train
1,i m afraid that the tornado is coming to our area . . . ,train
1,usatoday on today s frontpage bioterror lab faced secret sanctions . rickperry doesn t make the cut for foxnew http t . co xfhh xf ga,train
1,mourning notices for stabbing arson victims stir politics of grief in israel http t . co q l dg jm,train
1,twelve feared killed in pakistani air ambulance helicopter crash http t . co brme sn t,train
1,police arsonist deliberately set black church in north carolina ablaze http t . co pcxarbh an,train
1,fedex no longer to transport bioterror germs in wake of anthrax lab mishaps http t . co p rgbbayl news phone apple mobile,train
1, howardu if blks amp whts colluded take wht f usagov auth hostage amp make her look blk w bioterrorism amp use her lgl org idis id still hers ? ,train
1,u . s national park services tonto national forest stop the annihilation of the salt river wild horse . . . http t . co kpqk c g m via change,train
1,can t believe more people in their mid s don t have high blood pressure . life is stressful . decisionsondecisions,train
1,arson suspect linked to fires caught in northern california http t . co u fuwrgk u,train
1,forest fire near la ronge sask . canada,train
1,i waited . hours to get a cab my feet are bleeding,train
1, navista steve these fires out here are something else ! california is a tinderbox and this clown was setting my hood ablaze news ,train
1, yankees body bagging mfs,train
1,hiroshima prepares to remember the day the bomb dropped http t . co ojhcgzxlst,train
1, dc cloudy goldrush i hate white people mo,train
1,driving the avalanche after having my car for a week is like driving a tank,train
1,inec office in abia set ablaze http t . co imaomknna,train
1,and so it begins . . day one of the snow apocalypse,train
1,this is unbelievably insane . man airport airplane aircraft aeroplane runway accident freaky https t . co cezhq czll,train
1,family members of osama bin laden have died in an airplane accident how ironic ? ? ? ? ? ? mhmmm gov shit i suspect,train
1,fedex no longer to transport bioterror germs in wake of anthrax lab mishaps http t . co c p sesqwm via usatoday,train
1,property losses from california wildfire nearly double as week old blaze rages http t . co e uusnpsq ,train
1,early wake up call from my sister begging me to come over amp ride w her in the ambulance to the hospital rodkiai,train
1,omg horrible accident man died in wings of airplane . http t . co xdxdprcpns,train
1,just got sent this photo from ruby alaska as smoke from wildfires pours into a school ,train
1,during the s the oryx a symbol of the arabian peninsula were annihilated by hunters . http t . co yangeqbuqw http t . co jq eh kglt,train
1, ashayo msmiggi hi ashayo ! i believe there will be vods on youtube after the presentation but there is nothing like seeing it live ,train
1, todd calfee so mattburgener wanted to see that info on blight u got,train
1,horrific attack on wife by muslim in italy http t . co ny l orzqb liveleak news,train
1,fedex no longer will ship potential bioterror pathogens fedex corp . nyse fdx will no longer deliver packages . . . http t . co kdq xtws,train
1,tv program i saw said us air plane flew to uranium mine in fukushima and attacked by machine gun when student army were digging it . ,train
1,deputies man shot before brighton home set ablaze http t . co gwnrhmso k,train
1,the pastor was not in the scene of the accident . . . . . . who was the owner of the range rover ? ,train
1,if i fall is men god praiz is d bomb well av always known dat since bigger u i pray sir,train
1,israeli forces raid home of alleged car attack suspect http t . co gvus nppy palestine,train
1,breaking terror attack on police post udhampur,train
1,our deeds are the reason of this earthquake may allah forgive us all,train
1,when you don t know which way an ambulance is coming from lt lt ,train
1,trial date set for man charged with arson burglary http t . co wftcrlz p,train
1,news fedex no longer to transport bioterror germs in wake of anthrax lab mishaps http t . co xtezgjfs a,train
1, sweetiebirks mirrorlady slatukip so name all the countries we ve invaded bombed aside libya in north africa in last years . . . . . ,train
1,even though bsg had been sufficiently hyped up for me in all the years i somehow delayed watching it i was utterly utterly blown away . ,train
1,cop pulls drunk driver to safety seconds before his car is hit by train . http t . co c nkgp w http t . co imwmfdjssn via viralspell,train
1,u . s national park services tonto national forest stop the annihilation of the salt river wild horse . . . https t . co sw sbua mn via change,train
1,tennessee lesbian couple faked hate crime and destroyed own home with arson http t . co muey pxj lesbian,train
1, nicole fletcher one of a victim of crashed airplane few times ago . the accident left a little bit trauma for her . although she s ,train
1,i m on top of the hill and i can see a fire in the woods . . . ,train
1, kisii police in kisii hunt for students over failed arson plot police in kisii hunt for students . . . http t . co bdrfu duo countynews,train
1, volleyball attack ii volleyball training machine sets simulation http t . co dcdecfv http t . co dwbc duvdk,train
1, kisii police in kisii hunt for students over failed arson plot police in kisii hunt for students . . . http t . co m sbfrrsn countynews,train
1,dad bought a dvd that looks like a science doc on the front but i read the back and it s actually about the impending biblical apocalypse,train
1,montgomery come for the blazing hot weather . . . stay for the stds . yet another rejected city slogan . ,train
1,annihilated in damascus syrian army grinds alloosh and his gang into the manure pile http t . co rakhp bwm,train
1,vladimir putin issues major warning but is it too late to escape armageddon ? http t . co gbxafy m c,train
1, smallforestelf umm because a gun stopped the gunman with who was carrying a bomb ! ,train
1, o magazine satan s daughter shadow warrior in ft women aka transgender mode ps nyc is about to fold extra extra center of bioterrorism,train
1, omg ! i don t believe this . rip bro airplane accident jetengine turbojet boing g http t . co kxxnszp nk,train
1,christian attacked by muslims at the temple mount after waving israeli flag via pamela geller . . . http t . co e ydbm dx ,train
1,isil claims suicide bombing at saudi mosque that killed at least http t . co y icf h w http t . co t msnzv kb,train
1,experts in france begin examining airplane debris found on reunion island french air accident experts on wednesday began examining t . . . ,train
1, rockyfire update california hwy . closed in both directions due to lake county fire cafire wildfires,train
1,star wars power of the jedi collection battle droid hasbro full read by ebay http t . co xfguklrltf http t . co fegu hwmc ,train
1,armageddon https t . co ucsudk q d,train
1,to fight bioterrorism sir . ,train
1,alleged east bay serial arsonist arrested sanfrancisco http t . co ojuhfkhvb ,train
1,there s a storm over cairo in the latest x men apocalypse set photo https t . co fs trudg via yahootv,train
1,christian attacked by muslims at the temple mount after waving israeli flag via pamela geller . . . http t . co f miuhqaby,train
1,short reading apocalypse in the spirit the angel took me to the top of an enormous high mountain and . . . http t . co v aftd zez,train
1, bioterrorism authorities allay glanders fears ahead of rio olympic equestrian test event http t . co uotpnsqpz via horsetalknz,train
1,the guardian view on the hiroshima legacy still in the shadow of the bomb editorial the world longs to cas . . . http t . co rhxmghspd ,train
1, jax biz journal fedex stops shipping potential bioterror pathogens http t . co r ncvjovc,train
1,bigrigradio live accident awareness,train
1,christian attacked by muslims at the temple mount after waving israeli flag via pamela geller . . . http t . co u keoe fmt,train
1,annihilated abs . ? ? http t . co xpw tje,train
1,christian attacked by muslims at the temple mount after waving israeli flag via pamela geller . . . http t . co qyczywkgg,train
1,usama bin ladins family dead in airplane crash . naturally no accident . ,train
1,http t . co j tyt xrrk twelve feared killed in pakistani air ambulance helicopter crash http t . co d nazoi ,train
1,police assailant in latest us movie theatre attack was homeless had psychological issues http t . co zdcvlyq qk,train
1,the af comments on new evidence of japan s effort to build atom bomb at the end of wwii http t . co hctxghr yf,train
1, ap what a violent country get the army involved to help control the killings and bring back peace to the poor people . ,train
1, bubblycuteone ? ? ? ? ? ? ? ? ? ? ok ok okayyyyyy ima act right . . . . bout to get this blizzard tho,train
1,http t . co fcqmkffflw twelve feared killed in pakistani air ambulance helicopter crash http t . co vayaymbngu,train
1,christian attacked by muslims at the temple mount after waving israeli flag via pamela geller . . . http t . co a wmbnr s,train
1,the latest from bryansinger reveals storm is a queen in apocalypse rupaul alexshipppp http t . co oqw jx rts,train
1,volunteers needed to participate in emergency preparedness drill simulating a bioterrorism disaster http t . co nwv rvghf hvnewsnetwork,train
1,man wife get six years jail for setting ablaze niece http t . co ev ahoucza,train
1,barbados bridgetown jamaica two cars set ablaze santa cruz head of the st elizabeth police superintende . . . http t . co wdueaj q j,train
1,cop pulls drunk driver to safety seconds before his car is hit by train . http t . co thrhkhogcu http t . co tzszmf qxe via viralspell,train
1, blasts accused yeda yakub dies in karachi of heart attack http t . co mfkqyxd xg mumbai,train
1,strict liability in the context of an airplane accident pilot error is a common component of most aviation cr . . . http t . co cz bohrd ,train
1,mourning notices for stabbing arson victims stir politics of grief in israel http t . co eug zhciun,train
1, pm traffic accident no injury at willis foreman rd http t . co vckit edev,train
1,http t . co ay zzcupnz twelve feared killed in pakistani air ambulance helicopter crash http t . co sc dns mc,train
1,shadow boxing the apocalypse,train
1, bbcmtd wholesale markets ablaze http t . co lhyxeohy c,train
1,strict liability in the context of an airplane accident http t . co gibyqhhkpk,train
1,horrible accident man died in wings of airplane http t . co i kztevb v,train
1,stay vigilent . civil liberties are under constant attack . nativehuman myreligion https t . co wwu tjej,train
1,christian attacked by muslims at the temple mount after waving israeli flag via pamela geller . . . http t . co wgwiqmicl ,train
1,owner of chicago area gay bar admits to arson scheme http t . co zpxe fmyng lgbt,train
1,http t . co pwwpum rbj twelve feared killed in pakistani air ambulance helicopter crash http t . co yspon d qo,train
1,fyi cad fyi accident property damage wpd s th st,train
1,salvation army hosts rally to reconnect fathers with children the salvation army is hosting a back to school rally http t . co rdjpor azg,train
1,christian attacked by muslims at the temple mount after waving israeli flag via pamela geller . . . http t . co etg prbp g,train
1,private thirsty night ? sad blood rock n roll ? ? ? ,train
1, breaking firefighters battling blaze at east cary condo building http t . co mim hh ce ,train
1,experts in france begin examining airplane debris found on reunion island french air accident experts on . . . http t . co tagzbcxfj mlb,train
1,there s an emergency evacuation happening now in the building across the street,train
1, horrible accident man died in wings airplane watchthevideo http t . co p xrvgjik,train
1, benjm tourofutah b grego saw that pileup on tv keep racing even bleeding,train
1, stationcdrkelly any support sys usagov auth taken hostage by blk us clergyforced exist younger amp grossly disfigured by bioterrorism ? ap,train
1,thousands attend a rally organized by peace now protesting the arson attack that took the life of an http t . co bvckd pdti,train
1,the shooting or the airplane accident https t . co iecc jdoub,train
1, ? ? new ladies shoulder tote handbag faux leather hobo purse cross body bag womens http t . co zujwuiomb http t . co iap lwvqsw,train
1,ready to get annihilated for the bucs game,train
1, breaking there was a deadly motorcycle car accident that happened to hagerstown today . i ll have more details at your state . whag,train
1,i had a airplane accident . ,train
1,kelly osbourne attacked for racist donald trump remark about latinos on the view http t . co nagdsadwp,train
1,you can stab me in the back but i promise you ll be the one bleeding,train
1,a young german stormtrooper engaged in the battle of the somme . http t . co yxvmiflvc ,train
1,the crew on enolagay had nuclear bomb on board disarmed . mins to hiroshima they got ready to arm little boy http t . co jb fhke q,train
1,cop pulls drunk driver to safety seconds before his car is hit by train . http t . co f bakpnyn http t . co lzxwoaye x via viralspell,train
1, tomcatarts thus explaining why you were all annihilated . but the few or in this case you the only survivor evolved and became godlike,train
1, willienelson we need help ! horses will die ! please rt amp sign petition ! take a stand amp be a voice for them ! gilbert https t . co e dl lncvu,train
1, arsonist arrested for setting many fires . watch tonight s other headlines http t . co sqgogj s r . nightbeat veronicadlcruz minutemix,train
1,the irandeal only covers nuclear activity . what are they doing about bioterrorism ? iran has broken at least other agreements . ,train
1,cdc has a pretty cool list of all bioterrorism agents ,train
1,accident in ashville on us sb before sr traffic http t . co hylmo wgfi,train
1,it scares me that there s new versions of nuclear attack warnings like just knowing that governments still prepare for them,train
1, world fedex no longer to transport bioterror germs in wake of anthrax lab mishaps http t . co wvexjjrg e,train
1,new documents found pointing to japan s wwii atomic bomb program http t . co m mowcmvnj,train
1,pendleton media office said only fire on base right now is the horno blaze . ,val
1,property losses from california wildfire nearly double as week old blaze rages the fire http t . co msdizftz g,val
1,i mile marker to south mooresville iredell vehicle accident congestion at pm,val
1,accident center lane blocked in santaclara on us nb before great america pkwy bayarea traffic http t . co pmlohzurwr,val
1,suspected serial arsonist arrested in calif . http t . co pzotpdgaki,val
1,http t . co fuerk gwui twelve feared killed in pakistani air ambulance helicopter crash http t . co mv ggglmvc,val
1,accident left lane blocked in manchester on rt nb before eddy rd stop and go traffic back to nh a delay of mins traffic,val
1,damage to school bus on in multi car crash breaking ,val
1,militants attack police post in udhampur spos injured livemint http t . co rptouz ijs http t . co mlhfefhr allthenews,val
1,mourning notices for stabbing arson victims stir politics of grief in israel http t . co kkbxiblah ,val
1,arson suspect linked to fires caught in northern california los angeles times http t . co prrb fhxtv,val
1,house energy amp amp commerce subcommittee to hold hearing of cdc oversight of bioterror labs army anthrax mishaps . htt ,val
1,rt naayf first accident in years . turning onto chandanee magu from near mma . taxi rammed into me while i was halfway turned . everyone conf ,val
1,a cessna airplane accident in ocampo coahuila mexico on july killed four men including a state of coahuila government official . ,val
1, anthrax bioterrorism cdc to carry out extensive review of lab safety and pathogen handling procedures http t . co bclqpwfdod,val
1,twelve feared killed in pakistani air ambulance helicopter crash http t . co th ywbbeet worldnews,val
1, i did another one i did another one . you still ain t done shit about the other one . nigga body bagging meek . ,val
1,spokane authorities say they re struggling to solve arson cases like today s on hamilton . http t . co qbs k wzk http t . co mvlziysgll,val
1,telnet attacked from . . . streamyx home southern my ,val
1,airplane crashes on house in colombia people die in accident https t . co zhjlflbhzl,val
1,white family supposedly representing america s great values gets blown up in a horrible cgi nuclear strike . . . . . lmfaoooo ! ! ! ! ! ! ! ! ! ! ! ! ,val
1, foxnews jengriffinfnc when you call to report dangerous activity tell em to have body bags on arrival . ,val
1, benkin mili remember when u were up like and blew it in one game ? u probs don t because it was before the kings won the cup,val
1, mile backup on i south . . . accident blocking the right lanes at exit langtree rd . . . consider nc or nc to nc as alternate,val
1, fuckyeahcarey bornverified drake killing this dude and tea bagging the dead body at this point,val
1,haha south tampa is getting flooded hah wait a second i live in south tampa what am i gonna do what am i gonna do fvck flooding,val
1,arson suspect linked to fires caught in northern california http t . co mmgsyahdzb,val
1, accident property damage piner rd horndale dr,val
1, hopefulbatgirl went down i was beaten and blown up . then next thing i know ra al ghul brought me back to life and i escaped and for a ,val
1,fedex not willing to transport research specimens of potential bioterror pathogens in wake of anthrax lab mishaps http t . co cm uni mrg,val
1," flood disaster heavy rain causes flash flooding of streets in manitou , colorado springs areas",val
1, drrichardbesser yes . i would think not . but since college it s been difficult not to think of bioterrorism esp . bc dispersed . ,val
1, pbban temporary hyider ghost armageddon do not kill flags only fast xp for reason,val
1,indeed ! ! i am fully aware of that battle ! i support you in that fight ! ! https t . co mctjnzx h ,val
1,did anyone else see that fireball falling to earth ? look like a plane blew up . ,val
1, skyhawkmm traplord fredosantana lilreese it was hella crazy fights an ambulance and a couple mosh pits ? ? ,val
1,alleged east bay serial arsonist arrested http t . co wr aqtum ,val
1, alexalltimelow awwww they re on an airplane accident and they re gonna die what a cuties ? ? ? ? good job ! ,val
1,fedex no longer to transport bioterror germs in wake of anthrax lab mishaps http t . co hqsu lwlth via usatoday,val
1, if a truckload of soldiers will be blown up nobody panics but when one little lion dies everyone loses their mind http t . co wjntaokdhf,val
1, africanbaze breaking news nigeria flag set ablaze in aba . http t . co nndbgwyei,val
1, i came to kill indians . . . for fun video of smirking and remorseless pakistani killer shows him boasting . http t . co fpjlwoxklg,val
1,i came up with an idea of a fragrance concept for a bath bomb called the blood of my enemies . so you can say that s what you bathe in . ,val
1, fedex no longer to transport bioterror germs in wake of anthrax lab mishaps http t . co s sicmyrmh,val
1,only had a car for not even a week and got in a fucking car accident . . mfs can t fucking drive . ,val
1,i was in a horrible car accident this past sunday . i m finally able to get around . thank you god ? ? ,val
1,fedex no longer to transport bioterror germs in wake of anthrax lab mishaps http t . co mqbyravk h,val
1,fedex to stop transporting bioterror germs after lab mishaps fedex has stopped transporting certain research . . . http t . co y dm ulqxg,val
1,http t . co xglah zl twelve feared killed in pakistani air ambulance helicopter crash http t . co thmblaatzp,val
1,could a drone cause an airplane accident ? pilots worried about use of drones esp . in close vicinity of airports http t . co kz rgngjf ,test
1,but if you build an army of dogs and their leader is a lion all dogs will fight like a lion . ,test
1,los angeles times arson suspect linked to fires caught in northern . . . http t . co xwms aww m newsintweets http t . co te yerugsi,test
1, tradcatknight russia may have played into reason but that link is bs . okanowa was bloody and mainline invasion looked like a bloody,test
1,one direction is my pick for http t . co q eblokeve fan army directioners http t . co encmhz y x ,test
1,on thisdayinhistory in confederate ship blown up by crew . read more http t . co iw elszifz via history,test
1, aphiabeta w ugliness due your ugly amesocialaction frat s bioterrorismi m she who s fbi id u tolewant g another in my home . abc,test
1,arson suspect linked to fires caught in northern california http t . co wnuqqatttp via latimes ,test
1,mariah getting thick in the shoulders poor girl . ,test
1,twelve feared killed in pakistani air ambulance helicopter crash reuters http t . co mdnugvubwn yugvani,test
1,breaking obama officials gave muslim terrorist the weapon used in texas attack http t . co qi qdw dfg,test
1,i liked a youtube video http t . co xo zbpbjb fema region iii targeted for bioterrorism ! ! ! nasa japan rocket launch with lithium,test
1,u . s national park services tonto national forest stop the annihilation of the salt river wild horse . . . http t . co sb r shccj via change,test
1,strongly condemn attack on ary news team in karachi . a cowardly act against those simply trying to do their job ! ,test
1,ain t no hoe in my blood,test
1,avalanche city sunset http t . co h tlvlxr nowplay listen radio,test
1,anyone travelling aberystwyth shrewsbury right now there s been an incident . services at a halt just outside shrews . ambulance on scene . ,test
1,delhi government to provide free treatment to acid attack victims in private hospitals http t . co h pm w ell,test
1,the fact that the atomic bombs were called little boy and fat man says a lot about the mentality that went into the attack . ,test
1,christian attacked by muslims at the temple mount after waving israeli flag via pamela geller . . . http t . co mxz yx ld ,test
1,experts in france begin examining airplane debris found on reunion island french air accident experts on wedn . . . http t . co bkpfpogysi,test
1,people with a tattoo out there . . are u allowed to donate blood and receive blood as well or not ? ,test
1,nashville theater attack will gun grabbers now demand hatchet control ? http t . co oyogii yh,test
1,usatoday on today s frontpage bioterror lab faced secret sanctions . rickperry doesn t make the cut for foxnew http t . co ukohk sob,test
1,bioterrorism public health superbug biolabs epidemics biosurveillance outbreaks homeland security news wire http t . co cvhygwcbzv,test
1,india shud not give any evidence pak . they will share with terrorists amp use for next attack . share with oth contries https t . co qiopbtiuvu,test
1, macdaddy leo ? ? ? ? ? ? no caption needed ? ? . freshman . . . http t . co k ughv aif my nigga stacey body bagging niggas ! ? ? ? ? ,test
1, philipduncan breakfastone people annihilated by last nights weather . . . really philip thought you would have forecast that . . . ,test
1,carolina accident motorcyclist dies in i crash with car that crossed median a motorcycle rider traveling . . . http t . co p lzrlmy ,test
1, . aphl responds fedex no longer to transport bioterror germs in wake of anthrax lab mishaps http t . co cgdj drso ,test
1,suspect in latest us theatre attack had psychological issues http t . co onpnbx zex http t . co um icn et ,test
1,fedex no longer to transport bioterror germs in wake of anthrax lab mishaps http t . co pwamg ozj ,test
1,christian attacked by muslims at the temple mount after waving israeli flag via pamela geller . . . http t . co lhbzhwq b ,test
1,the palestinian refugee tragedy is a blight on humanity amp should shame every israeli for living with it . https t . co gaae no du,test
1, kca votejkt id mbataweel rip binladen family members who killed in an airplane s accident,test
1,christian attacked by muslims at the temple mount after waving israeli flag via pamela geller . . . http t . co yubkhf iyh,test
1,twelve feared killed in pakistani air ambulance helicopter crash http t . co xum ylcb q,test
1,what would it look like if hiroshima bomb hit detroit ? thursday marks the year anniversary of the united s . . . http t . co sy kyysd,test
1,chevrolet avalanche lt lt used . l v v automatic wd pickup truck premium b http t . co obky pc h http t . co dxirntdsrd,test
1,man goes into airplane engine accident http t . co tyjxrfd st via youtube,test
1,another fake hate crime lesbians burn their own house down . what else is new http t . co obqmximb,test
1, etribune us drone attack kills suspected militants in north waziristan acebreakingnews https t . co jb rdfak,test
1,christian attacked by muslims at the temple mount after waving israeli flag via pamela geller . . . http t . co e wk uri a,test
1,it wasnt a very big stab but it was a deep stab and theres like blood everwhe,test
1,experts in france begin examining airplane debris found on reunion island http t . co lsmx vwr j french air accident experts on wednesday ,test
1, calfreedommom steph not to mention a major contributor to the annihilation of israel,test
1,mourning notices for stabbing arson victims stir politics of grief in israel http t . co gbluhrrlto,test
1, . norwaymfa bahrain police had previously died in a road accident they were not killed by explosion https t . co gfjfgtodad,test
1,the threat anthrax cdc http t . co q oxzq ve via cdcgov,test
1,jewish leaders prayed at the hospital where a palestinian family is being treated after arson http t . co wf itk kvx via huffpostrelig,
